INSERT INTO users(user_id, user_name, user_lastname, user_password, email, profilephotopath)
VALUES('ozlem-dilek', 'özlem', 'acar', '123ö', 'ozlem@gmail.com', 'image.png')

INSERT INTO users(user_id, user_name, user_lastname, user_password, email, profilephotopath)
VALUES('ozgeac', 'özge', 'acar', '345özg', 'ozge@gmail.com', 'image.jpg')

INSERT INTO users(user_id, user_name, user_lastname, user_password, email, profilephotopath)
VALUES('dilek1', 'dilek', 'acar', 'dilekacr', 'dilek@gmail.com', 'image1.png')

INSERT INTO users(user_id, user_name, user_lastname, user_password, email, profilephotopath)
VALUES('elifzav', 'elif', 'avcı', 'elifffavc', 'elifavci@gmail.com', 'image_e.png')

INSERT INTO users(user_id, user_name, user_lastname, user_password, email, profilephotopath)
VALUES('zavci', 'zehra', 'avcı', 'zavcii', 'zehravci@gmail.com', 'imagee.jpg')

INSERT INTO users(user_id, user_name, user_lastname, user_password, email, profilephotopath)
VALUES('ranacr', 'rana', 'acar', 'rna123', 'ranacr@gmail.com', 'img.png' )

INSERT INTO users(user_id, user_name, user_lastname, user_password, email, profilephotopath)
VALUES('kezbnacr', 'keziban', 'acar', 'kzbn333', 'kezibanacr@gmail.com', 'img.jpg')

INSERT INTO users(user_id, user_name, user_lastname, user_password, email, profilephotopath)
VALUES('tahirac', 'tahir', 'acar', 'thrac1', 'acartahir@gmail.com', 'imageee.png')

INSERT INTO users(user_id, user_name, user_lastname, user_password, email, profilephotopath)
VALUES('tgcer', 'tuğçe', 'erdil', 'tuğçeee', 'tugcerdil@gmail.com', 'image2.jpg')

INSERT INTO users(user_id, user_name, user_lastname, user_password, email, profilephotopath)
VALUES('htcerd', 'hatice', 'erdil', 'hatice567', 'haticerdil@gmail.com', 'imgl.png')

INSERT INTO users(user_id, user_name, user_lastname, user_password, email, profilephotopath)
VALUES('ndmrl', 'nacize', 'demiral', 'naczdm1', 'nacizedmrl1@gmail.com', 'aimage.jpg')

INSERT INTO users(user_id, user_name, user_lastname, user_password, email, profilephotopath)
VALUES('seymatass', 'şeyma', 'taş', 'syma1','seymats@gmail.com', 'syimage.png' )

INSERT INTO users(user_id, user_name, user_lastname, user_password, email, profilephotopath)
VALUES('fatihkndmr', 'fatih', 'kandemir', 'fth12kn', 'fatihh@gmail.com', 'imagef.png')

INSERT INTO users(user_id, user_name, user_lastname, user_password, email, profilephotopath)
VALUES('sdmrci', 'samet', 'demirci', 'sd123', 'samet@gmail.com', 'images.png')

INSERT INTO users(user_id, user_name, user_lastname, user_password, email, profilephotopath)
VALUES('irmctn', 'irem', 'çetin', 'irmctn1', 'iremm@gmail.com', 'imagei.png')

INSERT INTO users(user_id, user_name, user_lastname, user_password, email, profilephotopath)
VALUES('busrsn', 'büşra', 'şen', 'busrsnn111', 'busraa@gmail.com', 'imagebs.png')







INSERT INTO artist(artist_id, artist_name)
VALUES (1, 'bts')

INSERT INTO artist(artist_id, artist_name)
VALUES (2, 'dktt')

INSERT INTO artist(artist_id, artist_name)
VALUES (3, 'ac/dc')

INSERT INTO artist(artist_id, artist_name)
VALUES (4, 'metallica')

INSERT INTO artist(artist_id, artist_name)
VALUES (5, 'halsey')

INSERT INTO artist(artist_id, artist_name)
VALUES (6, 'the weeknd')

INSERT INTO artist(artist_id, artist_name)
VALUES (7, 'adamlar')

INSERT INTO artist(artist_id, artist_name)
VALUES (8, 'manga')

INSERT INTO artist(artist_id, artist_name)
VALUES (9, 'duman')

INSERT INTO artist(artist_id, artist_name)
VALUES (10, 'güneş')

INSERT INTO artist(artist_id, artist_name)
VALUES (11, 'uzi')

INSERT INTO artist(artist_id, artist_name)
VALUES (12, 'doja cat')

INSERT INTO artist(artist_id, artist_name)
VALUES (13, 'troye sivan')

INSERT INTO artist(artist_id, artist_name)
VALUES (14, 'taylor swift')

INSERT INTO artist(artist_id, artist_name)
VALUES (15, 'sezen aksu')


INSERT INTO genres(genre_id, genre_name)
VALUES (1, 'pop')

INSERT INTO genres(genre_id, genre_name)
VALUES (2, 'rock')

INSERT INTO genres(genre_id, genre_name)
VALUES (3, 'Türkçe pop')

INSERT INTO genres(genre_id, genre_name)
VALUES (4, 'Türkçe rock')

INSERT INTO genres(genre_id, genre_name)
VALUES (5, 'hip hop')

INSERT INTO genres(genre_id, genre_name)
VALUES (6, 'Türkçe hip hop')


INSERT INTO album(album_id, album_name, album_duration, artist_id, num_of_songs, release, genre_id)
VALUES (1, 'proof', '02:08:00', 1, 35, 2022, 1)

INSERT INTO album(album_id, album_name, album_duration, artist_id, num_of_songs, release, genre_id)
VALUES (2, 'karanlık', '00:34:34', 2, 9, 2019, 4)

INSERT INTO album(album_id, album_name, album_duration, artist_id, num_of_songs, release, genre_id)
VALUES (3, 'back in black', '00:42:08', 3, 10, 1980, 2)

INSERT INTO album(album_id, album_name, album_duration, artist_id, num_of_songs, release, genre_id)
VALUES (4, 'metallica', '01:02:00', 4, 12, 1991, 2)

INSERT INTO album(album_id, album_name, album_duration, artist_id, num_of_songs, release, genre_id)
VALUES (5, 'manic', '00:47:43', 5, 16, 2020, 1 )

INSERT INTO album(album_id, album_name, album_duration, artist_id, num_of_songs, release, genre_id)
VALUES (6, 'after hours', '00:56:17', 6, 14, 2020, 1 )

INSERT INTO album(album_id, album_name, album_duration, artist_id, num_of_songs, release, genre_id)
VALUES (7, 'dünya günlükleri', '00:47:31', 7, 10, 2019, 4)

INSERT INTO album(album_id, album_name, album_duration, artist_id, num_of_songs, release, genre_id)
VALUES (8, 'şehr-i hüzün', '00:59:01', 8, 16, 2009, 4)

INSERT INTO album(album_id, album_name, album_duration, artist_id, num_of_songs, release, genre_id)
VALUES (9, 'darmaduman', '00:59:03', 9, 13, 2013, 4)

INSERT INTO album(album_id, album_name, album_duration, artist_id, num_of_songs, release, genre_id)
VALUES (10, 'atlantis', '00:34:09', 10, 12, 2022, 6)

INSERT INTO album(album_id, album_name, album_duration, artist_id, num_of_songs, release, genre_id)
VALUES (11, 'el chavo', '00:30:57', 11, 11, 2022, 6)

INSERT INTO album(album_id, album_name, album_duration, artist_id, num_of_songs, release, genre_id)
VALUES (12, 'hot pink', '00:39:49', 12, 12, 2019, 5 )

INSERT INTO album(album_id, album_name, album_duration, artist_id, num_of_songs, release, genre_id)
VALUES (13, 'bloom', '00:36:49', 13, 10, 2018, 1)

INSERT INTO album(album_id, album_name, album_duration, artist_id, num_of_songs, release, genre_id)
VALUES (14, '1989', '01:08:00', 14, 19, 2014, 1)

INSERT INTO album(album_id, album_name, album_duration, artist_id, num_of_songs, release, genre_id)
VALUES (15, 'biraz pop biraz sezen', '01:05:00',15, 16, 2017, 3)






INSERT INTO song(song_id, song_name, artist_id, album_id, genre_id, duration)
VALUES (1, 'dynamite', 1, 1, 1, '00:03:19' )

INSERT INTO song(song_id, song_name, artist_id, album_id, genre_id, duration)
VALUES (2, 'butter', 1, 1, 1, '00:02:44' )

INSERT INTO song(song_id, song_name, artist_id, album_id, genre_id, duration)
VALUES (3, 'on', 1, 1, 1, '00:04:06' )

INSERT INTO song(song_id, song_name, artist_id, album_id, genre_id, duration)
VALUES (4, 'karanlık', 2, 2, 4, '00:03:49' )

INSERT INTO song(song_id, song_name, artist_id, album_id, genre_id, duration)
VALUES (5, 'madem', 2, 2, 4, '00:04:06' )

INSERT INTO song(song_id, song_name, artist_id, album_id, genre_id, duration)
VALUES (6, 'beyler', 2, 2, 4, '00:03:57' )

INSERT INTO song(song_id, song_name, artist_id, album_id, genre_id, duration)
VALUES (7, 'back in black', 3, 3, 2, '00:04:15' )

INSERT INTO song(song_id, song_name, artist_id, album_id, genre_id, duration)
VALUES (8, 'hells bells', 3, 3, 2, '00:05:12' )

INSERT INTO song(song_id, song_name, artist_id, album_id, genre_id, duration)
VALUES (9, 'sad but true', 4, 4, 2, '00:05:23' )

INSERT INTO song(song_id, song_name, artist_id, album_id, genre_id, duration)
VALUES (10, 'enter sandman', 4, 4, 2, '00:05:31' )

INSERT INTO song(song_id, song_name, artist_id, album_id, genre_id, duration)
VALUES (11, 'through the never', 4, 4, 2, '00:04:02' )

INSERT INTO song(song_id, song_name, artist_id, album_id, genre_id, duration)
VALUES (12, 'still learning', 5, 5, 1, '00:03:31' )

INSERT INTO song(song_id, song_name, artist_id, album_id, genre_id, duration)
VALUES (13, 'without me', 5, 5, 1, '00:03:21' )

INSERT INTO song(song_id, song_name, artist_id, album_id, genre_id, duration)
VALUES (14, 'blinding lights', 6, 6, 1, '00:03:20' )

INSERT INTO song(song_id, song_name, artist_id, album_id, genre_id, duration)
VALUES (15, 'save your tears', 6, 6, 1, '00:03:35' )

INSERT INTO song(song_id, song_name, artist_id, album_id, genre_id, duration)
VALUES (16, 'benden bana', 7, 7, 4, '00:04:57' )

INSERT INTO song(song_id, song_name, artist_id, album_id, genre_id, duration)
VALUES (17, 'zombi', 7, 7, 4, '00:03:54' )

INSERT INTO song(song_id, song_name, artist_id, album_id, genre_id, duration)
VALUES (18, 'cevapsız sorular', 8, 8, 4, '00:04:32' )

INSERT INTO song(song_id, song_name, artist_id, album_id, genre_id, duration)
VALUES (19, 'beni benimle bırak', 8, 8, 4, '00:03:29' )

INSERT INTO song(song_id, song_name, artist_id, album_id, genre_id, duration)
VALUES (20, 'yürek', 9, 9, 4, '00:04:11' )

INSERT INTO song(song_id, song_name, artist_id, album_id, genre_id, duration)
VALUES (21, 'öyle dertli', 9, 9, 4, '00:05:01' )

INSERT INTO song(song_id, song_name, artist_id, album_id, genre_id, duration)
VALUES (22, 'zor', 10, 10, 6, '00:02:24' )

INSERT INTO song(song_id, song_name, artist_id, album_id, genre_id, duration)
VALUES (23, 'nkbi', 10, 10, 6, '00:02:57' )

INSERT INTO song(song_id, song_name, artist_id, album_id, genre_id, duration)
VALUES (24, 'zor', 11, 11, 6, '00:02:51' )

INSERT INTO song(song_id, song_name, artist_id, album_id, genre_id, duration)
VALUES (25, 'senin uğruna', 11, 11, 6, '00:02:02' )

INSERT INTO song(song_id, song_name, artist_id, album_id, genre_id, duration)
VALUES (26, 'like that', 12, 12, 5, '00:02:43' )

INSERT INTO song(song_id, song_name, artist_id, album_id, genre_id, duration)
VALUES (27, 'seventeen', 13, 13, 1, '00:03:38' )

INSERT INTO song(song_id, song_name, artist_id, album_id, genre_id, duration)
VALUES (28, 'style', 14, 14, 1, '00:03:51' )

INSERT INTO song(song_id, song_name, artist_id, album_id, genre_id, duration)
VALUES (29, 'ihanetten geri kalan', 15, 15, 3, '00:03:36' )

INSERT INTO song(song_id, song_name, artist_id, album_id, genre_id, duration)
VALUES (30, 'manifesto', 15, 15, 3, '00:03:14' )






INSERT INTO likedsongs(liked, user_id, song_id)
VALUES(1, 'ozlem-dilek', 28)

INSERT INTO likedsongs(liked, user_id, song_id)
VALUES(1, 'ozgeac', 30 )

INSERT INTO likedsongs(liked, user_id, song_id)
VALUES(1, 'dilek1', 15)

INSERT INTO likedsongs(liked, user_id, song_id)
VALUES(1, 'elifzav', 25)

INSERT INTO likedsongs(liked, user_id, song_id)
VALUES(1, 'zavci', 21)

INSERT INTO likedsongs(liked, user_id, song_id)
VALUES(1, 'ranacr', 17)

INSERT INTO likedsongs(liked, user_id, song_id)
VALUES(1,'tahirac', 20 )

INSERT INTO likedsongs(liked, user_id, song_id)
VALUES(1,'tgcer', 29 )

INSERT INTO likedsongs(liked, user_id, song_id)
VALUES(1, 'htcerd', 11 )

INSERT INTO likedsongs(liked, user_id, song_id)
VALUES(1, 'ndmrl', 23 )

INSERT INTO likedsongs(liked, user_id, song_id)
VALUES(1, 'seymatass', 18 )

INSERT INTO likedsongs(liked, user_id, song_id)
VALUES(1, 'fatihkndmr', 8 )

INSERT INTO likedsongs(liked, user_id, song_id)
VALUES(1, 'sdmrci', 2)

INSERT INTO likedsongs(liked, user_id, song_id)
VALUES(1, 'irmctn', 7)

INSERT INTO likedsongs(liked, user_id, song_id)
VALUES(1, 'busrsn', 3)





INSERT INTO playlist(playlist_id, playlist_name, user_id, download, privated, song_id)
VALUES(1, 'özlems playlist', 'ozlem-dilek', 1, 1, 12)

INSERT INTO playlist(playlist_id, playlist_name, user_id, download, privated, song_id)
VALUES(1, 'özlems playlist', 'ozlem-dilek', 1, 1, 23)

INSERT INTO playlist(playlist_id, playlist_name, user_id, download, privated, song_id)
VALUES(1, 'özlems playlist', 'ozlem-dilek', 1, 1, 25)

INSERT INTO playlist(playlist_id, playlist_name, user_id, download, privated, song_id)
VALUES(1, 'özlems playlist', 'ozlem-dilek', 1, 1, 18)

INSERT INTO playlist(playlist_id, playlist_name, user_id, download, privated, song_id)
VALUES(1, 'özlems playlist', 'ozlem-dilek', 1, 1, 19)

INSERT INTO playlist(playlist_id, playlist_name, user_id, download, privated, song_id)
VALUES(1, 'özlems playlist', 'ozlem-dilek', 1, 1, 3)

INSERT INTO playlist(playlist_id, playlist_name, user_id, download, privated, song_id)
VALUES(1, 'özlems playlist', 'ozlem-dilek', 1, 1, 5)

INSERT INTO playlist(playlist_id, playlist_name, user_id, download, privated, song_id)
VALUES(1, 'özlems playlist', 'ozlem-dilek', 1, 1, 1)

INSERT INTO playlist(playlist_id, playlist_name, user_id, download, privated, song_id)
VALUES(1, 'özlems playlist', 'ozlem-dilek', 1, 1, 9)


INSERT INTO playlist(playlist_id, playlist_name, user_id, download, privated, song_id)
VALUES(2, 'my favs', 'dilek1', 1, 0, 1)

INSERT INTO playlist(playlist_id, playlist_name, user_id, download, privated, song_id)
VALUES(2, 'my favs', 'dilek1', 1, 0, 2)

INSERT INTO playlist(playlist_id, playlist_name, user_id, download, privated, song_id)
VALUES(2, 'my favs', 'dilek1', 1, 0, 3)

INSERT INTO playlist(playlist_id, playlist_name, user_id, download, privated, song_id)
VALUES(2, 'my favs', 'dilek1', 1, 0, 4)

INSERT INTO playlist(playlist_id, playlist_name, user_id, download, privated, song_id)
VALUES(2, 'my favs', 'dilek1', 1, 0, 9)

INSERT INTO playlist(playlist_id, playlist_name, user_id, download, privated, song_id)
VALUES(2, 'my favs', 'dilek1', 1, 0, 12)

INSERT INTO playlist(playlist_id, playlist_name, user_id, download, privated, song_id)
VALUES(2, 'my favs', 'dilek1', 1, 0, 27)

INSERT INTO playlist(playlist_id, playlist_name, user_id, download, privated, song_id)
VALUES(2, 'my favs', 'dilek1', 1, 0, 28)



INSERT INTO playlist(playlist_id, playlist_name, user_id, download, privated, song_id)
VALUES(3, 'ranalist', 'ranacr', 0, 0, 5)

INSERT INTO playlist(playlist_id, playlist_name, user_id, download, privated, song_id)
VALUES(3, 'ranalist', 'ranacr', 0, 0, 13)

INSERT INTO playlist(playlist_id, playlist_name, user_id, download, privated, song_id)
VALUES(3, 'ranalist', 'ranacr', 0, 0, 25)

INSERT INTO playlist(playlist_id, playlist_name, user_id, download, privated, song_id)
VALUES(3, 'ranalist', 'ranacr', 0, 0, 26)






